evse_id,metro_area,land_use,region,num_ports,charge_level,venue,pricing
41020,"Los Angeles-Long Beach-Anaheim, CA Metro Area",Metro Area,Pacific,1,DCFC,Undesignated,Free
41412,"Los Angeles-Long Beach-Anaheim, CA Metro Area",Metro Area,Pacific,1,DCFC,Undesignated,Free
26850,"Los Angeles-Long Beach-Anaheim, CA Metro Area",Metro Area,Pacific,1,DCFC,Undesignated,Free
26851,"Los Angeles-Long Beach-Anaheim, CA Metro Area",Metro Area,Pacific,1,DCFC,Undesignated,Free
26865,"Los Angeles-Long Beach-Anaheim, CA Metro Area",Metro Area,Pacific,1,DCFC,Undesignated,Free
26866,"Los Angeles-Long Beach-Anaheim, CA Metro Area",Metro Area,Pacific,1,DCFC,Undesignated,Free
30245,"Los Angeles-Long Beach-Anaheim, CA Metro Area",Metro Area,Pacific,1,DCFC,Undesignated,Free
33835,"Los Angeles-Long Beach-Anaheim, CA Metro Area",Metro Area,Pacific,1,DCFC,Undesignated,Free
22460,"Los Angeles-Long Beach-Anaheim, CA Metro Area",Metro Area,Pacific,1,DCFC,Undesignated,Free
22297,"Los Angeles-Long Beach-Anaheim, CA Metro Area",Metro Area,Pacific,1,DCFC,Undesignated,Free
18895,"Los Angeles-Long Beach-Anaheim, CA Metro Area",Metro Area,Pacific,1,DCFC,Undesignated,Paid
18932,"Los Angeles-Long Beach-Anaheim, CA Metro Area",Metro Area,Pacific,1,DCFC,Undesignated,Paid
18940,"Los Angeles-Long Beach-Anaheim, CA Metro Area",Metro Area,Pacific,1,DCFC,Undesignated,Free
18810,"Los Angeles-Long Beach-Anaheim, CA Metro Area",Metro Area,Pacific,1,DCFC,Undesignated,Paid
18843,"Los Angeles-Long Beach-Anaheim, CA Metro Area",Metro Area,Pacific,1,DCFC,Undesignated,Paid
18851,"Los Angeles-Long Beach-Anaheim, CA Metro Area",Metro Area,Pacific,1,DCFC,Corridor,Paid
18762,"Los Angeles-Long Beach-Anaheim, CA Metro Area",Metro Area,Pacific,1,DCFC,Corridor,Paid
18734,"Los Angeles-Long Beach-Anaheim, CA Metro Area",Metro Area,Pacific,1,DCFC,Corridor,Paid
18741,"Los Angeles-Long Beach-Anaheim, CA Metro Area",Metro Area,Pacific,1,DCFC,Undesignated,Free
18758,"Los Angeles-Long Beach-Anaheim, CA Metro Area",Metro Area,Pacific,1,DCFC,Corridor,Paid
18967,"Los Angeles-Long Beach-Anaheim, CA Metro Area",Metro Area,Pacific,1,DCFC,Undesignated,Paid
18980,"Los Angeles-Long Beach-Anaheim, CA Metro Area",Metro Area,Pacific,1,DCFC,Undesignated,Undesignated
18402,"Los Angeles-Long Beach-Anaheim, CA Metro Area",Metro Area,Pacific,1,DCFC,Undesignated,Paid
18459,"Los Angeles-Long Beach-Anaheim, CA Metro Area",Metro Area,Pacific,1,DCFC,Undesignated,Free
18476,"Los Angeles-Long Beach-Anaheim, CA Metro Area",Metro Area,Pacific,1,DCFC,Undesignated,Undesignated
18496,"Los Angeles-Long Beach-Anaheim, CA Metro Area",Metro Area,Pacific,1,DCFC,Undesignated,Paid
18498,"Los Angeles-Long Beach-Anaheim, CA Metro Area",Metro Area,Pacific,1,DCFC,Undesignated,Undesignated
18614,"Los Angeles-Long Beach-Anaheim, CA Metro Area",Metro Area,Pacific,1,DCFC,Undesignated,Free
18313,"Los Angeles-Long Beach-Anaheim, CA Metro Area",Metro Area,Pacific,1,DCFC,Corridor,Paid
18309,"Los Angeles-Long Beach-Anaheim, CA Metro Area",Metro Area,Pacific,1,DCFC,Undesignated,Paid
18324,"Los Angeles-Long Beach-Anaheim, CA Metro Area",Metro Area,Pacific,1,DCFC,Undesignated,Paid
18375,"Los Angeles-Long Beach-Anaheim, CA Metro Area",Metro Area,Pacific,1,DCFC,Undesignated,Paid
18160,"Los Angeles-Long Beach-Anaheim, CA Metro Area",Metro Area,Pacific,1,DCFC,Undesignated,Paid
18166,"Los Angeles-Long Beach-Anaheim, CA Metro Area",Metro Area,Pacific,1,DCFC,Corridor,Paid
18186,"Los Angeles-Long Beach-Anaheim, CA Metro Area",Metro Area,Pacific,1,DCFC,Undesignated,Free
18195,"Los Angeles-Long Beach-Anaheim, CA Metro Area",Metro Area,Pacific,1,DCFC,Corridor,Paid
18197,"Los Angeles-Long Beach-Anaheim, CA Metro Area",Metro Area,Pacific,1,DCFC,Undesignated,Free
18201,"Los Angeles-Long Beach-Anaheim, CA Metro Area",Metro Area,Pacific,1,DCFC,Corridor,Paid
18227,"Los Angeles-Long Beach-Anaheim, CA Metro Area",Metro Area,Pacific,1,DCFC,Corridor,Paid
18232,"Los Angeles-Long Beach-Anaheim, CA Metro Area",Metro Area,Pacific,1,DCFC,Corridor,Paid
37647,"Los Angeles-Long Beach-Anaheim, CA Metro Area",Metro Area,Pacific,1,DCFC,Undesignated,Free
37648,"Los Angeles-Long Beach-Anaheim, CA Metro Area",Metro Area,Pacific,1,DCFC,Undesignated,Free
37649,"Los Angeles-Long Beach-Anaheim, CA Metro Area",Metro Area,Pacific,1,DCFC,Undesignated,Free
37650,"Los Angeles-Long Beach-Anaheim, CA Metro Area",Metro Area,Pacific,1,DCFC,Undesignated,Free
37651,"Los Angeles-Long Beach-Anaheim, CA Metro Area",Metro Area,Pacific,1,DCFC,Undesignated,Free
37652,"Los Angeles-Long Beach-Anaheim, CA Metro Area",Metro Area,Pacific,1,DCFC,Undesignated,Free
41136,"Los Angeles-Long Beach-Anaheim, CA Metro Area",Metro Area,Pacific,1,DCFC,Undesignated,Free
18204,"Los Angeles-Long Beach-Anaheim, CA Metro Area",Metro Area,Pacific,1,DCFC,Undesignated,Free
18081,"Los Angeles-Long Beach-Anaheim, CA Metro Area",Metro Area,Pacific,1,DCFC,Undesignated,Free
22291,"Los Angeles-Long Beach-Anaheim, CA Metro Area",Metro Area,Pacific,1,DCFC,Undesignated,Free
22292,"Los Angeles-Long Beach-Anaheim, CA Metro Area",Metro Area,Pacific,1,DCFC,Undesignated,Free
22293,"Los Angeles-Long Beach-Anaheim, CA Metro Area",Metro Area,Pacific,1,DCFC,Undesignated,Free
22294,"Los Angeles-Long Beach-Anaheim, CA Metro Area",Metro Area,Pacific,1,DCFC,Undesignated,Free
22295,"Los Angeles-Long Beach-Anaheim, CA Metro Area",Metro Area,Pacific,1,DCFC,Undesignated,Free
22296,"Los Angeles-Long Beach-Anaheim, CA Metro Area",Metro Area,Pacific,1,DCFC,Undesignated,Free
22427,"Los Angeles-Long Beach-Anaheim, CA Metro Area",Metro Area,Pacific,1,DCFC,Undesignated,Free
22583,"Los Angeles-Long Beach-Anaheim, CA Metro Area",Metro Area,Pacific,1,DCFC,Corridor,Free
22692,"Los Angeles-Long Beach-Anaheim, CA Metro Area",Metro Area,Pacific,1,DCFC,Undesignated,Free
22693,"Los Angeles-Long Beach-Anaheim, CA Metro Area",Metro Area,Pacific,1,DCFC,Undesignated,Free
22694,"Los Angeles-Long Beach-Anaheim, CA Metro Area",Metro Area,Pacific,1,DCFC,Undesignated,Free
18996,"Los Angeles-Long Beach-Anaheim, CA Metro Area",Metro Area,Pacific,1,DCFC,Undesignated,Free
18672,"Los Angeles-Long Beach-Anaheim, CA Metro Area",Metro Area,Pacific,1,DCFC,Undesignated,Paid
18578,"Los Angeles-Long Beach-Anaheim, CA Metro Area",Metro Area,Pacific,1,DCFC,Undesignated,Paid
18467,"Los Angeles-Long Beach-Anaheim, CA Metro Area",Metro Area,Pacific,1,DCFC,Undesignated,Free
18423,"Los Angeles-Long Beach-Anaheim, CA Metro Area",Metro Area,Pacific,1,DCFC,Corridor,Paid
18397,"Los Angeles-Long Beach-Anaheim, CA Metro Area",Metro Area,Pacific,1,DCFC,Undesignated,Free
18726,"Los Angeles-Long Beach-Anaheim, CA Metro Area",Metro Area,Pacific,1,DCFC,Undesignated,Free
18706,"Los Angeles-Long Beach-Anaheim, CA Metro Area",Metro Area,Pacific,1,DCFC,Undesignated,Free
18753,"Los Angeles-Long Beach-Anaheim, CA Metro Area",Metro Area,Pacific,1,DCFC,Undesignated,Free
18806,"Los Angeles-Long Beach-Anaheim, CA Metro Area",Metro Area,Pacific,1,DCFC,Undesignated,Free
18941,"Los Angeles-Long Beach-Anaheim, CA Metro Area",Metro Area,Pacific,1,DCFC,Undesignated,Free
26536,"Los Angeles-Long Beach-Anaheim, CA Metro Area",Metro Area,Pacific,1,DCFC,Undesignated,Free
26537,"Los Angeles-Long Beach-Anaheim, CA Metro Area",Metro Area,Pacific,1,DCFC,Undesignated,Free
26538,"Los Angeles-Long Beach-Anaheim, CA Metro Area",Metro Area,Pacific,1,DCFC,Undesignated,Free
26539,"Los Angeles-Long Beach-Anaheim, CA Metro Area",Metro Area,Pacific,1,DCFC,Undesignated,Free
26540,"Los Angeles-Long Beach-Anaheim, CA Metro Area",Metro Area,Pacific,1,DCFC,Undesignated,Free
26541,"Los Angeles-Long Beach-Anaheim, CA Metro Area",Metro Area,Pacific,1,DCFC,Undesignated,Free
26542,"Los Angeles-Long Beach-Anaheim, CA Metro Area",Metro Area,Pacific,1,DCFC,Undesignated,Free
26543,"Los Angeles-Long Beach-Anaheim, CA Metro Area",Metro Area,Pacific,1,DCFC,Undesignated,Free
26674,"Los Angeles-Long Beach-Anaheim, CA Metro Area",Metro Area,Pacific,1,DCFC,Undesignated,Free
26675,"Los Angeles-Long Beach-Anaheim, CA Metro Area",Metro Area,Pacific,1,DCFC,Undesignated,Free
26676,"Los Angeles-Long Beach-Anaheim, CA Metro Area",Metro Area,Pacific,1,DCFC,Undesignated,Free
26677,"Los Angeles-Long Beach-Anaheim, CA Metro Area",Metro Area,Pacific,1,DCFC,Undesignated,Free
26720,"Los Angeles-Long Beach-Anaheim, CA Metro Area",Metro Area,Pacific,1,DCFC,Undesignated,Free
27025,"Los Angeles-Long Beach-Anaheim, CA Metro Area",Metro Area,Pacific,1,DCFC,Undesignated,Free
27030,"Los Angeles-Long Beach-Anaheim, CA Metro Area",Metro Area,Pacific,1,DCFC,Undesignated,Free
18082,"Los Angeles-Long Beach-Anaheim, CA Metro Area",Metro Area,Pacific,1,DCFC,Undesignated,Paid
26505,"Los Angeles-Long Beach-Anaheim, CA Metro Area",Metro Area,Pacific,1,DCFC,Corridor,Paid
18640,"Los Angeles-Long Beach-Anaheim, CA Metro Area",Metro Area,Pacific,1,DCFC,Corridor,Paid
18692,"Los Angeles-Long Beach-Anaheim, CA Metro Area",Metro Area,Pacific,1,DCFC,Undesignated,Paid
18410,"Los Angeles-Long Beach-Anaheim, CA Metro Area",Metro Area,Pacific,1,DCFC,Corridor,Paid
18258,"Los Angeles-Long Beach-Anaheim, CA Metro Area",Metro Area,Pacific,1,DCFC,Corridor,Paid
27052,"Los Angeles-Long Beach-Anaheim, CA Metro Area",Metro Area,Pacific,1,DCFC,Undesignated,Free
33739,"Los Angeles-Long Beach-Anaheim, CA Metro Area",Metro Area,Pacific,1,DCFC,Undesignated,Free
18120,"Los Angeles-Long Beach-Anaheim, CA Metro Area",Metro Area,Pacific,1,DCFC,Undesignated,Paid
18077,"Los Angeles-Long Beach-Anaheim, CA Metro Area",Metro Area,Pacific,1,DCFC,Corridor,Paid
18877,"Los Angeles-Long Beach-Anaheim, CA Metro Area",Metro Area,Pacific,1,DCFC,Undesignated,Free
18472,"Los Angeles-Long Beach-Anaheim, CA Metro Area",Metro Area,Pacific,1,DCFC,Corridor,Paid
18631,"Los Angeles-Long Beach-Anaheim, CA Metro Area",Metro Area,Pacific,1,DCFC,Corridor,Paid
18264,"Los Angeles-Long Beach-Anaheim, CA Metro Area",Metro Area,Pacific,1,DCFC,Undesignated,Paid
18241,"Los Angeles-Long Beach-Anaheim, CA Metro Area",Metro Area,Pacific,1,DCFC,Corridor,Paid
18206,"Los Angeles-Long Beach-Anaheim, CA Metro Area",Metro Area,Pacific,1,DCFC,Undesignated,Paid
18368,"Los Angeles-Long Beach-Anaheim, CA Metro Area",Metro Area,Pacific,1,DCFC,Corridor,Paid
18272,"Los Angeles-Long Beach-Anaheim, CA Metro Area",Metro Area,Pacific,1,DCFC,Undesignated,Paid
18499,"Los Angeles-Long Beach-Anaheim, CA Metro Area",Metro Area,Pacific,1,DCFC,Undesignated,Paid
18577,"Los Angeles-Long Beach-Anaheim, CA Metro Area",Metro Area,Pacific,1,DCFC,Corridor,Paid
18571,"Los Angeles-Long Beach-Anaheim, CA Metro Area",Metro Area,Pacific,1,DCFC,Corridor,Paid
18630,"Los Angeles-Long Beach-Anaheim, CA Metro Area",Metro Area,Pacific,1,DCFC,Corridor,Paid
18733,"Los Angeles-Long Beach-Anaheim, CA Metro Area",Metro Area,Pacific,1,DCFC,Corridor,Paid
18735,"Los Angeles-Long Beach-Anaheim, CA Metro Area",Metro Area,Pacific,1,DCFC,Corridor,Paid
18814,"Los Angeles-Long Beach-Anaheim, CA Metro Area",Metro Area,Pacific,1,DCFC,Corridor,Paid
26706,"Los Angeles-Long Beach-Anaheim, CA Metro Area",Metro Area,Pacific,1,DCFC,Corridor,Free
37265,"Los Angeles-Long Beach-Anaheim, CA Metro Area",Metro Area,Pacific,1,DCFC,Corridor,Paid
37502,"Los Angeles-Long Beach-Anaheim, CA Metro Area",Metro Area,Pacific,1,DCFC,Corridor,Paid
37503,"Los Angeles-Long Beach-Anaheim, CA Metro Area",Metro Area,Pacific,1,DCFC,Corridor,Paid
37504,"Los Angeles-Long Beach-Anaheim, CA Metro Area",Metro Area,Pacific,1,DCFC,Corridor,Paid
33948,"Los Angeles-Long Beach-Anaheim, CA Metro Area",Metro Area,Pacific,1,DCFC,Corridor,Paid
33972,"Los Angeles-Long Beach-Anaheim, CA Metro Area",Metro Area,Pacific,1,DCFC,Undesignated,Free
33973,"Los Angeles-Long Beach-Anaheim, CA Metro Area",Metro Area,Pacific,1,DCFC,Undesignated,Free
33597,"Los Angeles-Long Beach-Anaheim, CA Metro Area",Metro Area,Pacific,1,DCFC,Undesignated,Free
33548,"Los Angeles-Long Beach-Anaheim, CA Metro Area",Metro Area,Pacific,1,DCFC,Undesignated,Free
33570,"Los Angeles-Long Beach-Anaheim, CA Metro Area",Metro Area,Pacific,1,DCFC,Undesignated,Free
33571,"Los Angeles-Long Beach-Anaheim, CA Metro Area",Metro Area,Pacific,1,DCFC,Undesignated,Free
33678,"Los Angeles-Long Beach-Anaheim, CA Metro Area",Metro Area,Pacific,1,DCFC,Corridor,Paid
33705,"Los Angeles-Long Beach-Anaheim, CA Metro Area",Metro Area,Pacific,1,DCFC,Undesignated,Free
33706,"Los Angeles-Long Beach-Anaheim, CA Metro Area",Metro Area,Pacific,1,DCFC,Undesignated,Free
33707,"Los Angeles-Long Beach-Anaheim, CA Metro Area",Metro Area,Pacific,1,DCFC,Undesignated,Free
33708,"Los Angeles-Long Beach-Anaheim, CA Metro Area",Metro Area,Pacific,1,DCFC,Undesignated,Free
33761,"Los Angeles-Long Beach-Anaheim, CA Metro Area",Metro Area,Pacific,1,DCFC,Undesignated,Paid
33876,"Los Angeles-Long Beach-Anaheim, CA Metro Area",Metro Area,Pacific,1,DCFC,Undesignated,Free
33877,"Los Angeles-Long Beach-Anaheim, CA Metro Area",Metro Area,Pacific,1,DCFC,Undesignated,Free
33867,"Los Angeles-Long Beach-Anaheim, CA Metro Area",Metro Area,Pacific,1,DCFC,Undesignated,Free
29824,"Los Angeles-Long Beach-Anaheim, CA Metro Area",Metro Area,Pacific,1,DCFC,Undesignated,Free
29940,"Los Angeles-Long Beach-Anaheim, CA Metro Area",Metro Area,Pacific,1,DCFC,Undesignated,Free
29934,"Los Angeles-Long Beach-Anaheim, CA Metro Area",Metro Area,Pacific,1,DCFC,Corridor,Free
29929,"Los Angeles-Long Beach-Anaheim, CA Metro Area",Metro Area,Pacific,1,DCFC,Undesignated,Free
26826,"Los Angeles-Long Beach-Anaheim, CA Metro Area",Metro Area,Pacific,1,DCFC,Undesignated,Free
26782,"Los Angeles-Long Beach-Anaheim, CA Metro Area",Metro Area,Pacific,1,DCFC,Undesignated,Free
26771,"Los Angeles-Long Beach-Anaheim, CA Metro Area",Metro Area,Pacific,1,DCFC,Corridor,Free
26633,"Los Angeles-Long Beach-Anaheim, CA Metro Area",Metro Area,Pacific,1,DCFC,Undesignated,Paid
26634,"Los Angeles-Long Beach-Anaheim, CA Metro Area",Metro Area,Pacific,1,DCFC,Undesignated,Paid
26627,"Los Angeles-Long Beach-Anaheim, CA Metro Area",Metro Area,Pacific,1,DCFC,Corridor,Paid
26628,"Los Angeles-Long Beach-Anaheim, CA Metro Area",Metro Area,Pacific,1,DCFC,Corridor,Paid
26618,"Los Angeles-Long Beach-Anaheim, CA Metro Area",Metro Area,Pacific,1,DCFC,Undesignated,Free
22661,"Los Angeles-Long Beach-Anaheim, CA Metro Area",Metro Area,Pacific,1,DCFC,Corridor,Free
22662,"Los Angeles-Long Beach-Anaheim, CA Metro Area",Metro Area,Pacific,1,DCFC,Corridor,Free
22663,"Los Angeles-Long Beach-Anaheim, CA Metro Area",Metro Area,Pacific,1,DCFC,Corridor,Free
22664,"Los Angeles-Long Beach-Anaheim, CA Metro Area",Metro Area,Pacific,1,DCFC,Corridor,Free
22665,"Los Angeles-Long Beach-Anaheim, CA Metro Area",Metro Area,Pacific,1,DCFC,Corridor,Free
22666,"Los Angeles-Long Beach-Anaheim, CA Metro Area",Metro Area,Pacific,1,DCFC,Corridor,Free
22601,"Los Angeles-Long Beach-Anaheim, CA Metro Area",Metro Area,Pacific,1,DCFC,Undesignated,Free
22595,"Los Angeles-Long Beach-Anaheim, CA Metro Area",Metro Area,Pacific,1,DCFC,Undesignated,Free
22597,"Los Angeles-Long Beach-Anaheim, CA Metro Area",Metro Area,Pacific,1,DCFC,Undesignated,Free
22472,"Los Angeles-Long Beach-Anaheim, CA Metro Area",Metro Area,Pacific,1,DCFC,Undesignated,Free
18305,"Los Angeles-Long Beach-Anaheim, CA Metro Area",Metro Area,Pacific,1,DCFC,Undesignated,Free
18988,"Los Angeles-Long Beach-Anaheim, CA Metro Area",Metro Area,Pacific,1,DCFC,Undesignated,Free
18302,"Los Angeles-Long Beach-Anaheim, CA Metro Area",Metro Area,Pacific,1,DCFC,Undesignated,Paid
18303,"Los Angeles-Long Beach-Anaheim, CA Metro Area",Metro Area,Pacific,1,DCFC,Corridor,Paid
18376,"Los Angeles-Long Beach-Anaheim, CA Metro Area",Metro Area,Pacific,1,DCFC,Corridor,Paid
18371,"Los Angeles-Long Beach-Anaheim, CA Metro Area",Metro Area,Pacific,1,DCFC,Corridor,Paid
18382,"Los Angeles-Long Beach-Anaheim, CA Metro Area",Metro Area,Pacific,1,DCFC,Corridor,Paid
18378,"Los Angeles-Long Beach-Anaheim, CA Metro Area",Metro Area,Pacific,1,DCFC,Undesignated,Free
18379,"Los Angeles-Long Beach-Anaheim, CA Metro Area",Metro Area,Pacific,1,DCFC,Undesignated,Free
18388,"Los Angeles-Long Beach-Anaheim, CA Metro Area",Metro Area,Pacific,1,DCFC,Corridor,Paid
18395,"Los Angeles-Long Beach-Anaheim, CA Metro Area",Metro Area,Pacific,1,DCFC,Corridor,Paid
18396,"Los Angeles-Long Beach-Anaheim, CA Metro Area",Metro Area,Pacific,1,DCFC,Undesignated,Free
18391,"Los Angeles-Long Beach-Anaheim, CA Metro Area",Metro Area,Pacific,1,DCFC,Corridor,Paid
18317,"Los Angeles-Long Beach-Anaheim, CA Metro Area",Metro Area,Pacific,1,DCFC,Undesignated,Paid
18318,"Los Angeles-Long Beach-Anaheim, CA Metro Area",Metro Area,Pacific,1,DCFC,Corridor,Paid
18320,"Los Angeles-Long Beach-Anaheim, CA Metro Area",Metro Area,Pacific,1,DCFC,Corridor,Paid
18325,"Los Angeles-Long Beach-Anaheim, CA Metro Area",Metro Area,Pacific,1,DCFC,Undesignated,Paid
18339,"Los Angeles-Long Beach-Anaheim, CA Metro Area",Metro Area,Pacific,1,DCFC,Corridor,Paid
18340,"Los Angeles-Long Beach-Anaheim, CA Metro Area",Metro Area,Pacific,1,DCFC,Undesignated,Paid
18335,"Los Angeles-Long Beach-Anaheim, CA Metro Area",Metro Area,Pacific,1,DCFC,Undesignated,Free
18273,"Los Angeles-Long Beach-Anaheim, CA Metro Area",Metro Area,Pacific,1,DCFC,Undesignated,Paid
18274,"Los Angeles-Long Beach-Anaheim, CA Metro Area",Metro Area,Pacific,1,DCFC,Corridor,Paid
18279,"Los Angeles-Long Beach-Anaheim, CA Metro Area",Metro Area,Pacific,1,DCFC,Corridor,Free
18295,"Los Angeles-Long Beach-Anaheim, CA Metro Area",Metro Area,Pacific,1,DCFC,Undesignated,Paid
18296,"Los Angeles-Long Beach-Anaheim, CA Metro Area",Metro Area,Pacific,1,DCFC,Undesignated,Free
18673,"Los Angeles-Long Beach-Anaheim, CA Metro Area",Metro Area,Pacific,1,DCFC,Undesignated,Free
18684,"Los Angeles-Long Beach-Anaheim, CA Metro Area",Metro Area,Pacific,1,DCFC,Corridor,Paid
18682,"Los Angeles-Long Beach-Anaheim, CA Metro Area",Metro Area,Pacific,1,DCFC,Undesignated,Paid
18644,"Los Angeles-Long Beach-Anaheim, CA Metro Area",Metro Area,Pacific,1,DCFC,Corridor,Paid
18620,"Los Angeles-Long Beach-Anaheim, CA Metro Area",Metro Area,Pacific,1,DCFC,Undesignated,Paid
18623,"Los Angeles-Long Beach-Anaheim, CA Metro Area",Metro Area,Pacific,1,DCFC,Undesignated,Free
18542,"Los Angeles-Long Beach-Anaheim, CA Metro Area",Metro Area,Pacific,1,DCFC,Undesignated,Free
18534,"Los Angeles-Long Beach-Anaheim, CA Metro Area",Metro Area,Pacific,1,DCFC,Undesignated,Paid
18559,"Los Angeles-Long Beach-Anaheim, CA Metro Area",Metro Area,Pacific,1,DCFC,Undesignated,Paid
18564,"Los Angeles-Long Beach-Anaheim, CA Metro Area",Metro Area,Pacific,1,DCFC,Undesignated,Free
18548,"Los Angeles-Long Beach-Anaheim, CA Metro Area",Metro Area,Pacific,1,DCFC,Undesignated,Free
18553,"Los Angeles-Long Beach-Anaheim, CA Metro Area",Metro Area,Pacific,1,DCFC,Undesignated,Free
18554,"Los Angeles-Long Beach-Anaheim, CA Metro Area",Metro Area,Pacific,1,DCFC,Undesignated,Free
18597,"Los Angeles-Long Beach-Anaheim, CA Metro Area",Metro Area,Pacific,1,DCFC,Undesignated,Paid
18579,"Los Angeles-Long Beach-Anaheim, CA Metro Area",Metro Area,Pacific,1,DCFC,Corridor,Paid
18580,"Los Angeles-Long Beach-Anaheim, CA Metro Area",Metro Area,Pacific,1,DCFC,Undesignated,Paid
18591,"Los Angeles-Long Beach-Anaheim, CA Metro Area",Metro Area,Pacific,1,DCFC,Undesignated,Free
18593,"Los Angeles-Long Beach-Anaheim, CA Metro Area",Metro Area,Pacific,1,DCFC,Undesignated,Paid
18594,"Los Angeles-Long Beach-Anaheim, CA Metro Area",Metro Area,Pacific,1,DCFC,Undesignated,Paid
18606,"Los Angeles-Long Beach-Anaheim, CA Metro Area",Metro Area,Pacific,1,DCFC,Undesignated,Paid
18599,"Los Angeles-Long Beach-Anaheim, CA Metro Area",Metro Area,Pacific,1,DCFC,Undesignated,Free
18601,"Los Angeles-Long Beach-Anaheim, CA Metro Area",Metro Area,Pacific,1,DCFC,Undesignated,Free
18575,"Los Angeles-Long Beach-Anaheim, CA Metro Area",Metro Area,Pacific,1,DCFC,Undesignated,Paid
18570,"Los Angeles-Long Beach-Anaheim, CA Metro Area",Metro Area,Pacific,1,DCFC,Undesignated,Paid
18408,"Los Angeles-Long Beach-Anaheim, CA Metro Area",Metro Area,Pacific,1,DCFC,Undesignated,Paid
18400,"Los Angeles-Long Beach-Anaheim, CA Metro Area",Metro Area,Pacific,1,DCFC,Undesignated,Paid
18403,"Los Angeles-Long Beach-Anaheim, CA Metro Area",Metro Area,Pacific,1,DCFC,Undesignated,Paid
18429,"Los Angeles-Long Beach-Anaheim, CA Metro Area",Metro Area,Pacific,1,DCFC,Corridor,Undesignated
18443,"Los Angeles-Long Beach-Anaheim, CA Metro Area",Metro Area,Pacific,1,DCFC,Undesignated,Free
18437,"Los Angeles-Long Beach-Anaheim, CA Metro Area",Metro Area,Pacific,1,DCFC,Undesignated,Paid
18431,"Los Angeles-Long Beach-Anaheim, CA Metro Area",Metro Area,Pacific,1,DCFC,Corridor,Paid
18522,"Los Angeles-Long Beach-Anaheim, CA Metro Area",Metro Area,Pacific,1,DCFC,Undesignated,Free
18520,"Los Angeles-Long Beach-Anaheim, CA Metro Area",Metro Area,Pacific,1,DCFC,Undesignated,Paid
18501,"Los Angeles-Long Beach-Anaheim, CA Metro Area",Metro Area,Pacific,1,DCFC,Undesignated,Free
18516,"Los Angeles-Long Beach-Anaheim, CA Metro Area",Metro Area,Pacific,1,DCFC,Undesignated,Free
18517,"Los Angeles-Long Beach-Anaheim, CA Metro Area",Metro Area,Pacific,1,DCFC,Undesignated,Paid
18518,"Los Angeles-Long Beach-Anaheim, CA Metro Area",Metro Area,Pacific,1,DCFC,Undesignated,Paid
18507,"Los Angeles-Long Beach-Anaheim, CA Metro Area",Metro Area,Pacific,1,DCFC,Corridor,Paid
18487,"Los Angeles-Long Beach-Anaheim, CA Metro Area",Metro Area,Pacific,1,DCFC,Undesignated,Paid
18488,"Los Angeles-Long Beach-Anaheim, CA Metro Area",Metro Area,Pacific,1,DCFC,Undesignated,Free
18491,"Los Angeles-Long Beach-Anaheim, CA Metro Area",Metro Area,Pacific,1,DCFC,Undesignated,Free
18492,"Los Angeles-Long Beach-Anaheim, CA Metro Area",Metro Area,Pacific,1,DCFC,Undesignated,Paid
18460,"Los Angeles-Long Beach-Anaheim, CA Metro Area",Metro Area,Pacific,1,DCFC,Corridor,Paid
19016,"Los Angeles-Long Beach-Anaheim, CA Metro Area",Metro Area,Pacific,1,DCFC,Corridor,Free
18473,"Los Angeles-Long Beach-Anaheim, CA Metro Area",Metro Area,Pacific,1,DCFC,Corridor,Free
18474,"Los Angeles-Long Beach-Anaheim, CA Metro Area",Metro Area,Pacific,1,DCFC,Corridor,Paid
18470,"Los Angeles-Long Beach-Anaheim, CA Metro Area",Metro Area,Pacific,1,DCFC,Undesignated,Free
18471,"Los Angeles-Long Beach-Anaheim, CA Metro Area",Metro Area,Pacific,1,DCFC,Corridor,Paid
18485,"Los Angeles-Long Beach-Anaheim, CA Metro Area",Metro Area,Pacific,1,DCFC,Corridor,Paid
18891,"Los Angeles-Long Beach-Anaheim, CA Metro Area",Metro Area,Pacific,1,DCFC,Undesignated,Free
18900,"Los Angeles-Long Beach-Anaheim, CA Metro Area",Metro Area,Pacific,1,DCFC,Undesignated,Free
18897,"Los Angeles-Long Beach-Anaheim, CA Metro Area",Metro Area,Pacific,1,DCFC,Undesignated,Free
18878,"Los Angeles-Long Beach-Anaheim, CA Metro Area",Metro Area,Pacific,1,DCFC,Undesignated,Paid
18885,"Los Angeles-Long Beach-Anaheim, CA Metro Area",Metro Area,Pacific,1,DCFC,Undesignated,Paid
18943,"Los Angeles-Long Beach-Anaheim, CA Metro Area",Metro Area,Pacific,1,DCFC,Undesignated,Paid
18924,"Los Angeles-Long Beach-Anaheim, CA Metro Area",Metro Area,Pacific,1,DCFC,Undesignated,Free
18914,"Los Angeles-Long Beach-Anaheim, CA Metro Area",Metro Area,Pacific,1,DCFC,Corridor,Free
18921,"Los Angeles-Long Beach-Anaheim, CA Metro Area",Metro Area,Pacific,1,DCFC,Undesignated,Free
18816,"Los Angeles-Long Beach-Anaheim, CA Metro Area",Metro Area,Pacific,1,DCFC,Undesignated,Free
18817,"Los Angeles-Long Beach-Anaheim, CA Metro Area",Metro Area,Pacific,1,DCFC,Corridor,Paid
18822,"Los Angeles-Long Beach-Anaheim, CA Metro Area",Metro Area,Pacific,1,DCFC,Undesignated,Paid
18778,"Los Angeles-Long Beach-Anaheim, CA Metro Area",Metro Area,Pacific,1,DCFC,Undesignated,Free
18796,"Los Angeles-Long Beach-Anaheim, CA Metro Area",Metro Area,Pacific,1,DCFC,Undesignated,Paid
18807,"Los Angeles-Long Beach-Anaheim, CA Metro Area",Metro Area,Pacific,1,DCFC,Undesignated,Free
18842,"Los Angeles-Long Beach-Anaheim, CA Metro Area",Metro Area,Pacific,1,DCFC,Corridor,Free
18827,"Los Angeles-Long Beach-Anaheim, CA Metro Area",Metro Area,Pacific,1,DCFC,Undesignated,Free
18852,"Los Angeles-Long Beach-Anaheim, CA Metro Area",Metro Area,Pacific,1,DCFC,Undesignated,Free
18872,"Los Angeles-Long Beach-Anaheim, CA Metro Area",Metro Area,Pacific,1,DCFC,Corridor,Free
18874,"Los Angeles-Long Beach-Anaheim, CA Metro Area",Metro Area,Pacific,1,DCFC,Undesignated,Paid
18875,"Los Angeles-Long Beach-Anaheim, CA Metro Area",Metro Area,Pacific,1,DCFC,Undesignated,Free
18742,"Los Angeles-Long Beach-Anaheim, CA Metro Area",Metro Area,Pacific,1,DCFC,Undesignated,Free
18745,"Los Angeles-Long Beach-Anaheim, CA Metro Area",Metro Area,Pacific,1,DCFC,Undesignated,Free
18782,"Los Angeles-Long Beach-Anaheim, CA Metro Area",Metro Area,Pacific,1,DCFC,Corridor,Free
18784,"Los Angeles-Long Beach-Anaheim, CA Metro Area",Metro Area,Pacific,1,DCFC,Undesignated,Free
18772,"Los Angeles-Long Beach-Anaheim, CA Metro Area",Metro Area,Pacific,1,DCFC,Undesignated,Free
18774,"Los Angeles-Long Beach-Anaheim, CA Metro Area",Metro Area,Pacific,1,DCFC,Undesignated,Paid
18710,"Los Angeles-Long Beach-Anaheim, CA Metro Area",Metro Area,Pacific,1,DCFC,Corridor,Free
18717,"Los Angeles-Long Beach-Anaheim, CA Metro Area",Metro Area,Pacific,1,DCFC,Undesignated,Free
18971,"Los Angeles-Long Beach-Anaheim, CA Metro Area",Metro Area,Pacific,1,DCFC,Undesignated,Free
18110,"Los Angeles-Long Beach-Anaheim, CA Metro Area",Metro Area,Pacific,1,DCFC,Undesignated,Paid
18117,"Los Angeles-Long Beach-Anaheim, CA Metro Area",Metro Area,Pacific,1,DCFC,Corridor,Paid
18118,"Los Angeles-Long Beach-Anaheim, CA Metro Area",Metro Area,Pacific,1,DCFC,Corridor,Paid
18121,"Los Angeles-Long Beach-Anaheim, CA Metro Area",Metro Area,Pacific,1,DCFC,Undesignated,Paid
18078,"Los Angeles-Long Beach-Anaheim, CA Metro Area",Metro Area,Pacific,1,DCFC,Corridor,Paid
18085,"Los Angeles-Long Beach-Anaheim, CA Metro Area",Metro Area,Pacific,1,DCFC,Undesignated,Paid
18156,"Los Angeles-Long Beach-Anaheim, CA Metro Area",Metro Area,Pacific,1,DCFC,Undesignated,Paid
18148,"Los Angeles-Long Beach-Anaheim, CA Metro Area",Metro Area,Pacific,1,DCFC,Undesignated,Paid
18139,"Los Angeles-Long Beach-Anaheim, CA Metro Area",Metro Area,Pacific,1,DCFC,Corridor,Paid
18142,"Los Angeles-Long Beach-Anaheim, CA Metro Area",Metro Area,Pacific,1,DCFC,Corridor,Paid
18161,"Los Angeles-Long Beach-Anaheim, CA Metro Area",Metro Area,Pacific,1,DCFC,Corridor,Paid
18136,"Los Angeles-Long Beach-Anaheim, CA Metro Area",Metro Area,Pacific,1,DCFC,Undesignated,Free
18133,"Los Angeles-Long Beach-Anaheim, CA Metro Area",Metro Area,Pacific,1,DCFC,Undesignated,Paid
18215,"Los Angeles-Long Beach-Anaheim, CA Metro Area",Metro Area,Pacific,1,DCFC,Undesignated,Free
18216,"Los Angeles-Long Beach-Anaheim, CA Metro Area",Metro Area,Pacific,1,DCFC,Corridor,Paid
18210,"Los Angeles-Long Beach-Anaheim, CA Metro Area",Metro Area,Pacific,1,DCFC,Corridor,Paid
18221,"Los Angeles-Long Beach-Anaheim, CA Metro Area",Metro Area,Pacific,1,DCFC,Undesignated,Paid
18218,"Los Angeles-Long Beach-Anaheim, CA Metro Area",Metro Area,Pacific,1,DCFC,Undesignated,Paid
18219,"Los Angeles-Long Beach-Anaheim, CA Metro Area",Metro Area,Pacific,1,DCFC,Undesignated,Paid
18226,"Los Angeles-Long Beach-Anaheim, CA Metro Area",Metro Area,Pacific,1,DCFC,Corridor,Paid
18202,"Los Angeles-Long Beach-Anaheim, CA Metro Area",Metro Area,Pacific,1,DCFC,Corridor,Paid
18193,"Los Angeles-Long Beach-Anaheim, CA Metro Area",Metro Area,Pacific,1,DCFC,Undesignated,Paid
18189,"Los Angeles-Long Beach-Anaheim, CA Metro Area",Metro Area,Pacific,1,DCFC,Corridor,Paid
18199,"Los Angeles-Long Beach-Anaheim, CA Metro Area",Metro Area,Pacific,1,DCFC,Corridor,Paid
18228,"Los Angeles-Long Beach-Anaheim, CA Metro Area",Metro Area,Pacific,1,DCFC,Corridor,Paid
18237,"Los Angeles-Long Beach-Anaheim, CA Metro Area",Metro Area,Pacific,1,DCFC,Undesignated,Free
18265,"Los Angeles-Long Beach-Anaheim, CA Metro Area",Metro Area,Pacific,1,DCFC,Undesignated,Paid
18271,"Los Angeles-Long Beach-Anaheim, CA Metro Area",Metro Area,Pacific,1,DCFC,Undesignated,Paid
18267,"Los Angeles-Long Beach-Anaheim, CA Metro Area",Metro Area,Pacific,1,DCFC,Undesignated,Free
18253,"Los Angeles-Long Beach-Anaheim, CA Metro Area",Metro Area,Pacific,1,DCFC,Undesignated,Paid
18254,"Los Angeles-Long Beach-Anaheim, CA Metro Area",Metro Area,Pacific,1,DCFC,Undesignated,Free
18171,"Los Angeles-Long Beach-Anaheim, CA Metro Area",Metro Area,Pacific,1,DCFC,Corridor,Paid
18172,"Los Angeles-Long Beach-Anaheim, CA Metro Area",Metro Area,Pacific,1,DCFC,Corridor,Paid
18174,"Los Angeles-Long Beach-Anaheim, CA Metro Area",Metro Area,Pacific,1,DCFC,Corridor,Paid
18178,"Los Angeles-Long Beach-Anaheim, CA Metro Area",Metro Area,Pacific,1,DCFC,Undesignated,Paid
18179,"Los Angeles-Long Beach-Anaheim, CA Metro Area",Metro Area,Pacific,1,DCFC,Corridor,Paid
18184,"Los Angeles-Long Beach-Anaheim, CA Metro Area",Metro Area,Pacific,1,DCFC,Corridor,Undesignated
37664,"Los Angeles-Long Beach-Anaheim, CA Metro Area",Metro Area,Pacific,1,DCFC,Undesignated,Free
37746,"Los Angeles-Long Beach-Anaheim, CA Metro Area",Metro Area,Pacific,1,DCFC,Undesignated,Free
37734,"Los Angeles-Long Beach-Anaheim, CA Metro Area",Metro Area,Pacific,1,DCFC,Undesignated,Free
37789,"Los Angeles-Long Beach-Anaheim, CA Metro Area",Metro Area,Pacific,1,DCFC,Undesignated,Free
37344,"Los Angeles-Long Beach-Anaheim, CA Metro Area",Metro Area,Pacific,1,DCFC,Undesignated,Free
37410,"Los Angeles-Long Beach-Anaheim, CA Metro Area",Metro Area,Pacific,1,DCFC,Undesignated,Free
37411,"Los Angeles-Long Beach-Anaheim, CA Metro Area",Metro Area,Pacific,1,DCFC,Undesignated,Free
37484,"Los Angeles-Long Beach-Anaheim, CA Metro Area",Metro Area,Pacific,1,DCFC,Undesignated,Free
37467,"Los Angeles-Long Beach-Anaheim, CA Metro Area",Metro Area,Pacific,1,DCFC,Undesignated,Free
37479,"Los Angeles-Long Beach-Anaheim, CA Metro Area",Metro Area,Pacific,1,DCFC,Undesignated,Free
37480,"Los Angeles-Long Beach-Anaheim, CA Metro Area",Metro Area,Pacific,1,DCFC,Undesignated,Free
37475,"Los Angeles-Long Beach-Anaheim, CA Metro Area",Metro Area,Pacific,1,DCFC,Undesignated,Free
37549,"Los Angeles-Long Beach-Anaheim, CA Metro Area",Metro Area,Pacific,1,DCFC,Undesignated,Free
37550,"Los Angeles-Long Beach-Anaheim, CA Metro Area",Metro Area,Pacific,1,DCFC,Undesignated,Free
37553,"Los Angeles-Long Beach-Anaheim, CA Metro Area",Metro Area,Pacific,1,DCFC,Undesignated,Free
37554,"Los Angeles-Long Beach-Anaheim, CA Metro Area",Metro Area,Pacific,1,DCFC,Undesignated,Free
37268,"Los Angeles-Long Beach-Anaheim, CA Metro Area",Metro Area,Pacific,1,DCFC,Undesignated,Free
41387,"Los Angeles-Long Beach-Anaheim, CA Metro Area",Metro Area,Pacific,1,DCFC,Undesignated,Paid
41019,"Los Angeles-Long Beach-Anaheim, CA Metro Area",Metro Area,Pacific,1,DCFC,Undesignated,Free
41142,"Los Angeles-Long Beach-Anaheim, CA Metro Area",Metro Area,Pacific,1,DCFC,Undesignated,Free
41238,"Los Angeles-Long Beach-Anaheim, CA Metro Area",Metro Area,Pacific,1,DCFC,Undesignated,Free
41228,"Los Angeles-Long Beach-Anaheim, CA Metro Area",Metro Area,Pacific,1,DCFC,Undesignated,Paid
41161,"Los Angeles-Long Beach-Anaheim, CA Metro Area",Metro Area,Pacific,1,DCFC,Undesignated,Free
41191,"Los Angeles-Long Beach-Anaheim, CA Metro Area",Metro Area,Pacific,1,DCFC,Undesignated,Free
40985,"Los Angeles-Long Beach-Anaheim, CA Metro Area",Metro Area,Pacific,1,DCFC,Undesignated,Free
40988,"Los Angeles-Long Beach-Anaheim, CA Metro Area",Metro Area,Pacific,1,DCFC,Undesignated,Paid
18101,"Los Angeles-Long Beach-Anaheim, CA Metro Area",Metro Area,Pacific,1,DCFC,Undesignated,Paid
18287,"Los Angeles-Long Beach-Anaheim, CA Metro Area",Metro Area,Pacific,1,DCFC,Corridor,Paid
18361,"Los Angeles-Long Beach-Anaheim, CA Metro Area",Metro Area,Pacific,1,DCFC,Corridor,Paid
18343,"Los Angeles-Long Beach-Anaheim, CA Metro Area",Metro Area,Pacific,1,DCFC,Undesignated,Paid
18477,"Los Angeles-Long Beach-Anaheim, CA Metro Area",Metro Area,Pacific,1,DCFC,Undesignated,Paid
18626,"Los Angeles-Long Beach-Anaheim, CA Metro Area",Metro Area,Pacific,1,DCFC,Undesignated,Paid
18450,"Los Angeles-Long Beach-Anaheim, CA Metro Area",Metro Area,Pacific,1,DCFC,Undesignated,Paid
18224,"Los Angeles-Long Beach-Anaheim, CA Metro Area",Metro Area,Pacific,1,DCFC,Undesignated,Undesignated
26802,"Los Angeles-Long Beach-Anaheim, CA Metro Area",Metro Area,Pacific,1,DCFC,Undesignated,Free
26803,"Los Angeles-Long Beach-Anaheim, CA Metro Area",Metro Area,Pacific,1,DCFC,Undesignated,Free
41149,"Los Angeles-Long Beach-Anaheim, CA Metro Area",Metro Area,Pacific,1,DCFC,Undesignated,Paid
193,"Los Angeles-Long Beach-Anaheim, CA Metro Area",Metro Area,Pacific,2,L2,Business Office,Undesignated
273,"Los Angeles-Long Beach-Anaheim, CA Metro Area",Metro Area,Pacific,2,L2,Business Office,Undesignated
428,"Los Angeles-Long Beach-Anaheim, CA Metro Area",Metro Area,Pacific,2,L2,Business Office,Undesignated
443,"Los Angeles-Long Beach-Anaheim, CA Metro Area",Metro Area,Pacific,2,L2,Business Office,Undesignated
34232,"Los Angeles-Long Beach-Anaheim, CA Metro Area",Metro Area,Pacific,2,L2,Business Office,Undesignated
34233,"Los Angeles-Long Beach-Anaheim, CA Metro Area",Metro Area,Pacific,2,L2,Business Office,Undesignated
34234,"Los Angeles-Long Beach-Anaheim, CA Metro Area",Metro Area,Pacific,2,L2,Business Office,Undesignated
34235,"Los Angeles-Long Beach-Anaheim, CA Metro Area",Metro Area,Pacific,2,L2,Business Office,Undesignated
34236,"Los Angeles-Long Beach-Anaheim, CA Metro Area",Metro Area,Pacific,2,L2,Business Office,Undesignated
34237,"Los Angeles-Long Beach-Anaheim, CA Metro Area",Metro Area,Pacific,2,L2,Business Office,Undesignated
34238,"Los Angeles-Long Beach-Anaheim, CA Metro Area",Metro Area,Pacific,2,L2,Business Office,Undesignated
38302,"Los Angeles-Long Beach-Anaheim, CA Metro Area",Metro Area,Pacific,1,L2,Multi-Unit Dwelling,Paid
